AUROC,AUPRC,precision,recall,f1,threshold,test_average_precision,test_accuracy,test_f1,test_roc_auc,test_precision_valthr,test_recall_valthr,dataset,num_bases,seed,params,train_s
0.8752044303198642,0.3015714558801154,0.3596014492753623,0.3293239319784322,0.34379735823662283,0.8869643211364746,0.2908256333549454,0.7098948228326356,0.14056670364021379,0.8783343032293537,0.32553448971359417,0.33471588552467857,rel-stack,8,42,2840897,2083.5195910930634
0.8733069049053318,0.3036839110344683,0.3554140127388535,0.3471588552467856,0.351237934875646,0.9213300943374634,0.2915785111267494,0.715250121969207,0.14077852716628436,0.8738044449838365,0.3153511947863867,0.36126088759850683,rel-stack,8,43,2840897,1809.2316045761108
0.873765950116449,0.3110667285777529,0.36408864767073723,0.33388635420987145,0.3483340540227882,0.8965826034545898,0.3027545066503784,0.7134914961934261,0.14243021123412347,0.8787435121320091,0.33255542590431736,0.35462463708004976,rel-stack,8,44,2840897,2147.0178961753845
0.8757914693681067,0.3088016766231778,0.35505430242272346,0.3525508087930319,0.3537981264510989,0.9176563024520874,0.30580472771180406,0.6582933387794002,0.12524325423334978,0.8804822078712425,0.3181174805378627,0.3728743260058067,rel-stack,12,42,3103393,2578.8420469760895
0.8695708172500216,0.28985496401497124,0.33942667220606565,0.3388635420987142,0.33914487289144907,0.8711153268814087,0.27976284702043736,0.666076676083824,0.1264432637796444,0.8728063168433206,0.30808823529411766,0.34757362090418914,rel-stack,12,43,3103393,1204.6199049949646
0.8772929049399244,0.3082526545755377,0.32790525536639525,0.36748237245956034,0.3465675723551302,0.8559376001358032,0.3010971527038658,0.7286724077288766,0.1484831220623843,0.8825169211528094,0.3067103109656301,0.38863542098714227,rel-stack,12,44,3103393,2409.3314175605774
0.8772162577856434,0.3029201367197674,0.3187279151943463,0.3741186229780174,0.3442091199000666,0.8891880512237549,0.29866161788713713,0.7027468600020422,0.138332511100148,0.8816359565934673,0.297073603310671,0.4168394856905848,rel-stack,16,42,3365889,2581.462133169174
0.8760224946397082,0.29392641242251516,0.3419516263552961,0.3401078390709249,0.341027240090563,0.9110357761383057,0.2808093957949302,0.6770709236756414,0.12976212315783037,0.8756697824779929,0.3143074581430746,0.3425964330153463,rel-stack,16,43,3365889,2498.725778579712
