AUROC,AUPRC,precision,recall,f1,threshold,test_average_precision,test_accuracy,test_f1,test_roc_auc,test_precision_valthr,test_recall_valthr,dataset,model,setting,seed,params,train_s
0.8794147365089139,0.3002493370622762,0.30856760374832665,0.38241393612608876,0.34154473001136,0.8564499616622925,0.2966452667079728,0.7120392116818135,0.14204583868568724,0.8807715873051614,0.2947591638897304,0.4035669846536707,rel-stack,SAGE,homo,42,2376065,1579.188749074936
0.8767099450893263,0.3003361812136548,0.33443983402489624,0.334301119867275,0.33437046205963494,0.8991944193840027,0.2961426160122081,0.6573970069323893,0.12505795085767268,0.8780109446151166,0.3201029033443587,0.36126088759850683,rel-stack,SAGE,homo,43,2376065,1227.0418474674225
0.8777281660175472,0.30599922876671887,0.2953714981729598,0.40232268768145996,0.34064969222465535,0.873164713382721,0.29589905519227805,0.6911058919636475,0.13436774665352452,0.8788481083031192,0.2733314871226807,0.40937370385732064,rel-stack,SAGE,homo,44,2376065,1297.919989824295
0.8776797053483928,0.3092267881002117,0.35745047372954347,0.3442554956449606,0.3507289240723298,0.9014040231704712,0.2992683791964835,0.7087829175034321,0.14004757597078432,0.8798591086647994,0.3215775502464922,0.3517212774782248,rel-stack,SAGE,hetero,42,3757697,2411.136648416519
0.8743426755808844,0.2936814097861466,0.30302046118869763,0.38697635835752797,0.33989070988991615,0.8824492692947388,0.2875148216095995,0.7310550620057411,0.14690851507953645,0.8766506549234206,0.2711247901510912,0.4019079220240564,rel-stack,SAGE,hetero,43,3757697,2385.6628065109253
0.8785407640633993,0.3092680122070868,0.31847348868625464,0.3911240149315637,0.3510796718805203,0.8820222020149231,0.2992033299849572,0.690890318481455,0.13533070966103847,0.8813417364689732,0.2821709950393931,0.4010783907092493,rel-stack,SAGE,hetero,44,3757697,2420.2349803447723
0.8770489733952144,0.3071349665427468,0.33625149224035017,0.3504769805060141,0.3432168963320586,0.8987149596214294,0.29167889245462153,0.7281845309007567,0.14588755392349104,0.8784267335669297,0.31715210355987056,0.3658233098299461,rel-stack,HGT,homo,42,2458763,2241.785811662674
0.8683971816259197,0.2778186187143034,0.3064167267483778,0.3525508087930319,0.32786885196146703,0.8508316874504089,0.2620536576814762,0.7439440870463029,0.14908377950380816,0.8663803158293929,0.28385772913816687,0.3442554956449606,rel-stack,HGT,homo,43,2458763,946.9569263458252
