AUROC,AUPRC,precision,recall,f1,threshold,dataset,num_unfrozen,seed,params,train_s
0.8251720315967659,0.17977660364037046,0.24620060790273557,0.28825622775800713,0.2655737699948993,0.8358777761459351,rel-stack,1,42,3421375,24860.118393182755
0.8274945908864723,0.1871218051998176,0.23765432098765432,0.27402135231316727,0.25454545404798035,0.8903946280479431,rel-stack,1,43,3421375,21623.823595523834
0.8188262782040094,0.16964910264182645,0.19838709677419356,0.4377224199288256,0.2730299662744441,0.831879198551178,rel-stack,1,44,3421375,24693.993326187134
