AUROC,AUPRC,precision,recall,f1,threshold,dataset,num_unfrozen,seed,params,train_s
0.8251720315967659,0.1797766036403704,0.2462006079027355,0.2882562277580071,0.2655737699948993,0.8358777761459351,rel-stack,1,42,3421375,24860.118393182755
0.8274945908864723,0.1871218051998176,0.2376543209876543,0.2740213523131672,0.2545454540479803,0.8903946280479431,rel-stack,1,43,3421375,21623.823595523834
0.8188262782040094,0.1696491026418264,0.1983870967741935,0.4377224199288256,0.2730299662744441,0.831879198551178,rel-stack,1,44,3421375,24693.993326187134
0.6689048825271736,0.7441095108139214,0.584375,1.0,0.7376725833608377,0.15324418246746063,rel-trial,1,42,5003535,6944.416598558426
0.6670061964179612,0.7567688334143836,0.5986842105263158,0.9732620320855615,0.7413441950477391,0.24518108367919922,rel-trial,1,43,5003535,6097.874793291092
0.6640442460875897,0.7516247998402037,0.6240786240786241,0.9055258467023173,0.7389090904260189,0.2851310074329376,rel-trial,1,44,5003535,4789.7213361263275
