AUROC,AUPRC,precision,recall,f1,threshold,dataset,num_unfrozen,seed,params,train_s
0.6406971081893683,0.7247707607661922,0.5865687303252886,0.9964349376114082,0.738441214857165,0.098982997238636,rel-trial,1,42,5003535,12031.008548736572
0.6530229316607026,0.7324544660605745,0.5989010989010989,0.9714795008912656,0.7409925216219584,0.1807799935340881,rel-trial,1,43,5003535,8607.08302807808
0.657392143460255,0.7309715311538655,0.5904761904761905,0.9946524064171124,0.7410358561062125,0.1577587276697158,rel-trial,1,44,5003535,9511.29391336441
0.8143885898370546,0.17419817159245307,0.2100656455142232,0.3416370106761566,0.2601626011544532,0.9063748717308044,rel-stack,1,42,3421375,14838.70195031166
0.8066891391884189,0.18090590077524196,0.2283653846153846,0.33807829181494664,0.27259684313425236,0.8237366676330566,rel-stack,1,43,3421375,12369.426966190338
0.811344693356631,0.16412210973780217,0.19961612284069097,0.3701067615658363,0.2593516204924068,0.8310283422470093,rel-stack,1,44,3421375,12364.25246477127
