AUROC,AUPRC,precision,recall,f1,threshold,dataset,strategy,seed,params,train_s
0.656753291428214,0.7473709636818165,0.596529284164859,0.9803921568627451,0.7417397163199179,0.24315428733825684,rel-trial,llm-frozen-large,42,3229071,40.35658383369446
0.6619623926125474,0.7563415056917397,0.5946236559139785,0.9857397504456328,0.7417840370893098,0.2271784543991089,rel-trial,llm-frozen-large,43,3229071,34.39440894126892
0.6607472335026515,0.7532932106958944,0.6178571428571429,0.9251336898395722,0.740899357121542,0.29360491037368774,rel-trial,llm-frozen-large,44,3229071,40.939441442489624
